--
-- PostgreSQL database dump
--

-- Dumped from database version 11.7
-- Dumped by pg_dump version 11.7

-- Started on 2020-12-22 22:22:23

SET statement_timeout = 0;
SET lock_timeout = 0;
SET idle_in_transaction_session_timeout = 0;
SET client_encoding = 'UTF8';
SET standard_conforming_strings = on;
SELECT pg_catalog.set_config('search_path', '', false);
SET check_function_bodies = false;
SET xmloption = content;
SET client_min_messages = warning;
SET row_security = off;

SET default_tablespace = '';

SET default_with_oids = false;

--
-- TOC entry 199 (class 1259 OID 16907)
-- Name: groups; Type: TABLE; Schema: public; Owner: postgres
--

CREATE TABLE public.groups (
    id smallint NOT NULL,
    name character varying(16) NOT NULL,
    speciality_id smallint NOT NULL,
    CONSTRAINT groups_name_check CHECK ((length((name)::text) > 0))
);


ALTER TABLE public.groups OWNER TO postgres;

--
-- TOC entry 198 (class 1259 OID 16905)
-- Name: groups_id_seq; Type: SEQUENCE; Schema: public; Owner: postgres
--

CREATE SEQUENCE public.groups_id_seq
    AS smallint
    START WITH 1
    INCREMENT BY 1
    NO MINVALUE
    NO MAXVALUE
    CACHE 1;


ALTER TABLE public.groups_id_seq OWNER TO postgres;

--
-- TOC entry 2849 (class 0 OID 0)
-- Dependencies: 198
-- Name: groups_id_seq; Type: SEQUENCE OWNED BY; Schema: public; Owner: postgres
--

ALTER SEQUENCE public.groups_id_seq OWNED BY public.groups.id;


--
-- TOC entry 197 (class 1259 OID 16893)
-- Name: specialities; Type: TABLE; Schema: public; Owner: postgres
--

CREATE TABLE public.specialities (
    id smallint NOT NULL,
    code character varying(16) NOT NULL,
    name character varying(256) NOT NULL,
    CONSTRAINT specialities_code_check CHECK ((length((code)::text) > 0)),
    CONSTRAINT specialities_name_check CHECK ((length((name)::text) > 0))
);


ALTER TABLE public.specialities OWNER TO postgres;

--
-- TOC entry 196 (class 1259 OID 16891)
-- Name: specialities_id_seq; Type: SEQUENCE; Schema: public; Owner: postgres
--

CREATE SEQUENCE public.specialities_id_seq
    AS smallint
    START WITH 1
    INCREMENT BY 1
    NO MINVALUE
    NO MAXVALUE
    CACHE 1;


ALTER TABLE public.specialities_id_seq OWNER TO postgres;

--
-- TOC entry 2850 (class 0 OID 0)
-- Dependencies: 196
-- Name: specialities_id_seq; Type: SEQUENCE OWNED BY; Schema: public; Owner: postgres
--

ALTER SEQUENCE public.specialities_id_seq OWNED BY public.specialities.id;


--
-- TOC entry 201 (class 1259 OID 16921)
-- Name: students; Type: TABLE; Schema: public; Owner: postgres
--

CREATE TABLE public.students (
    id smallint NOT NULL,
    first_name character varying(64) NOT NULL,
    last_name character varying(64) NOT NULL,
    group_id smallint NOT NULL,
    CONSTRAINT students_first_name_check CHECK ((length((first_name)::text) > 0)),
    CONSTRAINT students_last_name_check CHECK ((length((last_name)::text) > 0))
);


ALTER TABLE public.students OWNER TO postgres;

--
-- TOC entry 200 (class 1259 OID 16919)
-- Name: students_id_seq; Type: SEQUENCE; Schema: public; Owner: postgres
--

CREATE SEQUENCE public.students_id_seq
    AS smallint
    START WITH 1
    INCREMENT BY 1
    NO MINVALUE
    NO MAXVALUE
    CACHE 1;


ALTER TABLE public.students_id_seq OWNER TO postgres;

--
-- TOC entry 2851 (class 0 OID 0)
-- Dependencies: 200
-- Name: students_id_seq; Type: SEQUENCE OWNED BY; Schema: public; Owner: postgres
--

ALTER SEQUENCE public.students_id_seq OWNED BY public.students.id;


--
-- TOC entry 2700 (class 2604 OID 16910)
-- Name: groups id; Type: DEFAULT; Schema: public; Owner: postgres
--

ALTER TABLE ONLY public.groups ALTER COLUMN id SET DEFAULT nextval('public.groups_id_seq'::regclass);


--
-- TOC entry 2697 (class 2604 OID 16896)
-- Name: specialities id; Type: DEFAULT; Schema: public; Owner: postgres
--

ALTER TABLE ONLY public.specialities ALTER COLUMN id SET DEFAULT nextval('public.specialities_id_seq'::regclass);


--
-- TOC entry 2702 (class 2604 OID 16924)
-- Name: students id; Type: DEFAULT; Schema: public; Owner: postgres
--

ALTER TABLE ONLY public.students ALTER COLUMN id SET DEFAULT nextval('public.students_id_seq'::regclass);


--
-- TOC entry 2841 (class 0 OID 16907)
-- Dependencies: 199
-- Data for Name: groups; Type: TABLE DATA; Schema: public; Owner: postgres
--

COPY public.groups (id, name, speciality_id) FROM stdin;
1	545-а	1
2	545-б	1
3	545-в	1
4	535-ст-1	1
5	535-ст-2	1
6	545-і	2
\.


--
-- TOC entry 2839 (class 0 OID 16893)
-- Dependencies: 197
-- Data for Name: specialities; Type: TABLE DATA; Schema: public; Owner: postgres
--

COPY public.specialities (id, code, name) FROM stdin;
1	123	Комп'ютерна інженерія
2	125	Кібербезпека
\.


--
-- TOC entry 2843 (class 0 OID 16921)
-- Dependencies: 201
-- Data for Name: students; Type: TABLE DATA; Schema: public; Owner: postgres
--

COPY public.students (id, first_name, last_name, group_id) FROM stdin;
1	Ivan	Kolesnik	5
2	Victoria	Rublova	5
3	Eugene	Rikman	5
4	Aleksandr	Linnik	4
5	Maksim	Huzhva	4
\.


--
-- TOC entry 2852 (class 0 OID 0)
-- Dependencies: 198
-- Name: groups_id_seq; Type: SEQUENCE SET; Schema: public; Owner: postgres
--

SELECT pg_catalog.setval('public.groups_id_seq', 6, true);


--
-- TOC entry 2853 (class 0 OID 0)
-- Dependencies: 196
-- Name: specialities_id_seq; Type: SEQUENCE SET; Schema: public; Owner: postgres
--

SELECT pg_catalog.setval('public.specialities_id_seq', 2, true);


--
-- TOC entry 2854 (class 0 OID 0)
-- Dependencies: 200
-- Name: students_id_seq; Type: SEQUENCE SET; Schema: public; Owner: postgres
--

SELECT pg_catalog.setval('public.students_id_seq', 5, true);


--
-- TOC entry 2712 (class 2606 OID 16913)
-- Name: groups groups_pkey; Type: CONSTRAINT; Schema: public; Owner: postgres
--

ALTER TABLE ONLY public.groups
    ADD CONSTRAINT groups_pkey PRIMARY KEY (id);


--
-- TOC entry 2706 (class 2606 OID 16902)
-- Name: specialities specialities_code_key; Type: CONSTRAINT; Schema: public; Owner: postgres
--

ALTER TABLE ONLY public.specialities
    ADD CONSTRAINT specialities_code_key UNIQUE (code);


--
-- TOC entry 2708 (class 2606 OID 16904)
-- Name: specialities specialities_name_key; Type: CONSTRAINT; Schema: public; Owner: postgres
--

ALTER TABLE ONLY public.specialities
    ADD CONSTRAINT specialities_name_key UNIQUE (name);


--
-- TOC entry 2710 (class 2606 OID 16900)
-- Name: specialities specialities_pkey; Type: CONSTRAINT; Schema: public; Owner: postgres
--

ALTER TABLE ONLY public.specialities
    ADD CONSTRAINT specialities_pkey PRIMARY KEY (id);


--
-- TOC entry 2714 (class 2606 OID 16928)
-- Name: students students_pkey; Type: CONSTRAINT; Schema: public; Owner: postgres
--

ALTER TABLE ONLY public.students
    ADD CONSTRAINT students_pkey PRIMARY KEY (id);


--
-- TOC entry 2715 (class 2606 OID 16914)
-- Name: groups groups_speciality_id_fkey; Type: FK CONSTRAINT; Schema: public; Owner: postgres
--

ALTER TABLE ONLY public.groups
    ADD CONSTRAINT groups_speciality_id_fkey FOREIGN KEY (speciality_id) REFERENCES public.specialities(id) ON UPDATE CASCADE ON DELETE RESTRICT;


--
-- TOC entry 2716 (class 2606 OID 16929)
-- Name: students students_group_id_fkey; Type: FK CONSTRAINT; Schema: public; Owner: postgres
--

ALTER TABLE ONLY public.students
    ADD CONSTRAINT students_group_id_fkey FOREIGN KEY (group_id) REFERENCES public.groups(id) ON UPDATE CASCADE ON DELETE RESTRICT;


-- Completed on 2020-12-22 22:22:23

--
-- PostgreSQL database dump complete
--

